DROP TABLE IF EXISTS articolo;
CREATE TABLE `articolo` (
  `articolo_id` int(11) AUTO_INCREMENT,
  `titolo` varchar(128) NOT NULL,
  `sommario` varchar(512) NOT NULL,
  `testo` text NOT NULL,
  `data_pub` datetime NOT NULL,
  `img_path` varchar(256) NOT NULL,
  `cat_id` int(11) NOT NULL,
  `alt` varchar(256) NOT NULL,
  `game_id` int(11) NOT NULL,
  prima_pagina` tinyint(1) NOT NULL DEFAULT 0,
  PRIMARY KEY (articolo_id),
  FOREIGN KEY (`cat_id`) REFERENCES `categoria` (`cat_id`) ON DELETE CASCADE ON UPDATE CASCADE,
  FOREIGN KEY (`game_id`) REFERENCES `gioco` (`game_id`) ON DELETE CASCADE ON UPDATE CASCADE
);


INSERT INTO `articolo` (`articolo_id`, `titolo`, `sommario`, `testo`, `data_pub`, `img_path`, `cat_id`, `alt`, `game_id`) VALUES
(1, '&Egrave arrivato <span xml:lang=\"en\" lang=\"en\">Cyberpunk</span>!', '<span xml:lang=\"en\" lang=\"en\">Cyberpunk</span> 2077 &egrave un colossal che traccia una nuova direzione per i <abbr title=\"Gioco Di Ruolo\">GDR</abbr> <span xml:lang=\"en\" lang=\"en\">open world</span>. Approfondiamo tutti i dettagli nella nostra recensione.', 'Elevare il medium videoludico &egrave un’operazione assai complessa e fuori dalla portata di gran parte degli studi di sviluppo, spesso inadatti o disinteressati a proporre qualcosa che vada al di l&agrave del semplice prodotto da vendere. Trovare una quadra tra necessit&agrave di monetizzare e capacit&agrave di proporre qualcosa di davvero avveniristico, con una narrativa pregnante e un sistema di gioco in grado di appagare fino in fondo, &egrave persino pi&ugrave complesso; ma come ci insegnano i colpi di coda di fine generazione, qualcuno ce la fa davvero, diventando un nuovo paradigma per l’industria. <span xml:lang=\"en\" lang=\"en\">Cyberpunk</span> 2077, dopo una genesi travagliata e i continui rinvii che stavano assumendo le sembianze di un brutto scherzo sempre meno divertente, spazza via ogni dubbio e ci restituisce un’opera di rara vigoria e ispirazione, capace d’imporsi come la nuova avanguardia dei giochi di ruolo <span xml:lang=\"en\" lang=\"en\">open world</span>, con tematiche e personaggi di una profondit&agrave raramente riscontrabile altrove. E una citt&agrave, <span xml:lang=\"en\" lang=\"en\">Night City</span>, che ci mostra il terribile futuro verso cui ci stiamo dirigendo, con un vivido squarcio nel presente che sta sfumando via sotto i tremendi colpi dell’iniquit&agrave, della nequizia umana e della sete di potere posta al di sopra di ogni valore, di ogni necessit&agrave, di ogni altro essere umano. Quello di &egrave un mondo sfaccettato e unico, di grande coerenza stilistica, non sconfinato ma denso e caratterizzato in modo eccezionale. &Egrave una metropoli futuristica in cui perdersi tra le micro diversit&agrave dei popoli che la abitano, tra quartieri malfamati, gretti e in rovina; luoghi caduti in malora dove la prostituzione, lo sfrenato uso di droghe, la povert&agrave e le oscenit&agrave delle violenze e dei crimini sono diventati la pi&ugrave normale delle consuetudini. Poco pi&ugrave in l&agrave, tra orizzonti in cui droni, velivoli militari e il traffico dei cieli si mescola alle colossali insegne e gli schermi che trasmettono messaggi di propaganda e spot di feroce critica sociale, svettano i palazzoni delle mega corporazioni che tutto controllano, che si sono impadroniti di identit&agrave, vite e abitudini altrui. Appena fuori da <span xml:lang=\"en\" lang=\"en\">Night City</span>, solo distese semi deserte dove sono ammassate baracche di fortuna, roulotte e resti di ci&ograve che fu, come un osceno immondezzaio dove gli ultimi nomadi vivono di stenti e crimini, tra voglia di rivalsa, disperazione e vani moti d’orgoglio in un’esistenza raminga e senza speranza.', '2020-12-07 18:00:21', '../img/keanu.jpg', 4, 'Immagine del personaggio di Keanu Reeves presente nel gioco', 1),
(2, '<abbr lang=\"fr\" title=\"Fédération Internationale de Football Association\">FIFA</abbr> 21', 'Un passo indietro e uno avanti per la serie sportiva di <span xml:lang=\"en\" lang=\"en\">Electronic Arts</span>, con un FIFA 21 pi&ugrave; <span xml:lang=\"en\" lang=\"en\">arcade</span> dello scorso anno ma anche pi&ugrave; completo e rifinito', 'La ritualit&agrave; dei videogiochi di calcio ci porta oggi, insolitamente tardi ma puntuali, a parlare della versione completa di FIFA 21, dopo una lunga lista di approfondimenti che abbiamo condotto su un codice preliminare del titolo. Da quella demo, abbiamo scoperto, le cose sono cambiate e non poco, frutto evidentemente di un lavoro di tuning elaborato presso gli uffici di EA <span xml:lang=\"en\" lang=\"en\">Sports</span> in base al <span xml:lang=\"en\" lang=\"en\">feedback</span> ricevuto e agli scopi di design stabiliti. Quel che &egrave certo &egrave che il nuovo capitolo ha riaffermato la natura di gioco della serie a scapito dell’indole simulativa che sembrava voler essere alimentata, se non integralmente quantomeno di pi&ugrave, in FIFA 20, in quel turbinio di cambiamenti fatti e disfatti che si succedono di anno in anno e i fan di vecchia data ben conoscono. Il risultato &egrave un prodotto dall’impianto ludico strutturato e lussureggiante, che riesce a soddisfare ampiamente quell’ambizione di restare con gli utenti per tutta la durata di una stagione sportiva, ma che finisce spesso e volentieri con lo scollarsi dal calcio reale, guardato con una certa distanza quando c’&egrave da simularne le meccaniche e interpretato a senso unico come intrattenimento, in ogni senso, veloce.\r\n&Egrave un FIFA all’ennesima potenza sotto tutti i punti di vista. Questo comporta delle buone notizie cos&igrave come delle brutte notizie, con le prime che spingono sul divertimento che stare sempre di corsa su un campo da calcio pu&ograve proporre, grazie a continui capovolgimenti di fronte e reti a profusione, e le seconde che ci restituiscono un quadro sempre meno aderente allo sport che ci ha fatto avvicinare al <span xml:lang=\"en\" lang=\"en\">franchise</span> in tempi non sospetti. Il ritmo pi&ugrave veloce rispetto a FIFA 20, oltre che tangibilmente se confrontato alla concorrenza, comporta un ritorno massiccio dell’effetto flipper, per cui il giocatore si ritrova praticamente senza soluzione di continuit&agrave ad essere sempre in attacco o in una difesa disperata. Questo &egrave un gioco di duelli, in cui, mancando totalmente un filtro del centrocampo e ritrovandosi continuamente a produrre o subire contropiedi, l’esito di un’azione da gol viene determinato pi&ugrave da un uno contro uno che da uno sforzo corale.', '2020-10-06 09:06:15', '../img/fifa2.jpg', 2, 'Immagine di uno stadio e del logo del videogioco', 2),
(3, '<span xml:lang=\"en\" lang=\"en\">DOOM</span>', '<span xml:lang=\"en\" lang=\"en\">DOOM Eternal</span> &egrave virile esaltazione e tronfia arroganza. Ve lo raccontiamo nella nostra recensione.', 'Dopo il rilancio in pompa magna di <span xml:lang=\"en\" lang=\"en\">DOOM</span>, avvenuto quattro anni fa, <span xml:lang=\"en\" lang=\"en\">Id Software</span> ritorna sul glorioso <span xml:lang=\"en\" lang=\"en\">franchise</span> per dare seguito al successo raccolto dal riuscito <span xml:lang=\"en\" lang=\"en\">reboot</span>, rendendo ancora pi&ugrave brutale un sistema di gioco che appariva gi&agrave estremo e aggressivo. Se Doom era una imbizzarrita cavalcata nelle viscere dell’inferno, <span xml:lang=\"en\" lang=\"en\">DOOM Eternal</span> &egrave un treno senza freni e in fiamme che sfreccia contro una supernova. Esagerato, frenetico, esplosivo e galvanizzante, questo seguito dimostra quanto il genere stesso si sia spinto verso nuove vette di eccellenza, superando in ogni aspetto il prequel del 2016. <span xml:lang=\"en\" lang=\"en\">DOOM Eternal</span> &egrave ambientato otto mesi dopo il capitolo precedente, con le forze demoniache che hanno ormai conquistato oltre la met&agrave del pianeta Terra e hanno quasi del tutto soggiogato la specie umana. Per tentare di invertire la tendenza, ripristinare gli equilibri e scacciare l’orda impazzita di demoni, il <span xml:lang=\"en\" lang=\"en\">Doom Slayer</span> ritorna col compito di colpire il cuore dell’inferno, sgominando e uccidendo i tre gran sacerdoti.\r\nBench&eacute da <span xml:lang=\"en\" lang=\"en\">DOOM Eternal</span>, e in generale da ogni <span xml:lang=\"en\" lang=\"en\">DOOM</span>, non ci si aspettasse chiss&egrave quali qualit&agrave narrative, bisogna dire che anche da questo punto di vista ci sono stati degli importanti passi in avanti. La storia rimane per&ograve il punto pi&ugrave debole della produzione, soprattutto considerando quanto la serie non riesca ancora a distaccarsi dai grandi <span xml:lang=\"en\" lang=\"en\">clich&eacute</span> che si porta dietro fin dagli albori. <span xml:lang=\"en\" lang=\"en\">DOOM Eternal</span>, oltretutto, fa l’errore di condensare tutte le informazioni pi&ugrave importanti nella fase finale, gettandovi letteralmente addosso una discreta quantit&agrave di file di testo che pongono la lente d’ingrandimento sugli elementi pi&ugrave rilevanti.<br>Al di l&agrave di ci&ograve, &egrave veramente difficile trovare qualcosa fuori posto a <span xml:lang=\"en\" lang=\"en\">DOOM Eternal</span>, che fortifica ed evolve il <span xml:lang=\"en\" lang=\"en\">concept</span> del reboot estremizzandone la frenesia, la tecnica, la precisione dei comandi richiesta e la qualit&agrave globale, inserendo meccaniche che spingono il giocatore alla pura esaltazione dei sensi. In un tripudio di esplosioni, massacri spietati, oscene orge di frattaglie e sangue, e un continuo carnaio di demoni capace di far impallidire i concetti stessi di morte e genocidio, <span xml:lang=\"en\" lang=\"en\">DOOM Eternal</span> diventa il nuovo termine di paragone per gli <abbr lang=\"en\" title=\"First-person shooter\">FPS</abbr> con impostazione <span xml:lang=\"en\" lang=\"en\">old school</span>. A tal proposito, la maggiore velocit&agrave di movimento del <span xml:lang=\"en\" lang=\"en\">Doom Slayer</span> e dei nemici, assieme alla possibilit&agrave di eseguire un doppio scatto, amplia notevolmente la mobilit&agrave globale, finalizzata a manovre il pi&ugrave possibile rapide e con ristretti margini di errore.', '2020-03-17 15:00:09', '../img/doom.jpg', 3, 'Protagonista del videogioco circondato da alcuni nemici demoniaci', 3),
(4, '<span xml:lang=\"en\" lang=\"en\"><abbr lang=\"en\" title=\"National Basketball Association\">NBA</abbr></span> 2021', '<span xml:lang=\"en\" lang=\"en\">NBA</span> 2021 arriva su PC, PS4 e Xbox <span xml:lang=\"en\" lang=\"en\">One</span>. Cambia davvero qualcosa o dobbiamo aspettare la prossima generazione?', '<span xml:lang=\"en\" lang=\"en\">Visual Concepts</span> ritorna con il suo nuovo <span xml:lang=\"en\" lang=\"en\">NBA</span> 2021, lo sportivo legato al basket che, da tempo immemore, ha spodestato il rivale <span xml:lang=\"en\" lang=\"en\">NBA Live</span>. Eppure, nonostante la sua popolarit&agrave, ogni anno assistiamo a uno strano fenomeno: gli utenti si scagliano sul <span xml:lang=\"en\" lang=\"en\">web</span> inondandolo di recensioni negative. Il motivo? Il titolo pare essere sempre lo stesso degli anni passati. Certo, come dar loro torto: si presenta con la stessa atmosfera, animazioni pressoch&eacute uguali al passato e un <span xml:lang=\"en\" lang=\"en\">gameplay</span> poco mutato. Siamo sinceri per&ograve, che cosa mai potrebbe davvero cambiare in un titolo sportivo? Quale potrebbe essere questo salto rispetto al passato? Difficile a dirsi: l’utenza non lo sa davvero e, come ogni anno, lamenta i pochi cambiamenti eppure, alla fine, ne apprezza i risultati. Il gioco di <span xml:lang=\"en\" lang=\"en\">Visual Concepts</span> non sar&agrave cambiato radicalmente (anche se qualcosa &egrave certamente mutato) e non sar&agrave perfetto, eppure, rimane uno sportivo sempre grazioso e divertente da giocare. Dunque, senza indugiare troppo, andiamo a vederlo nel dettaglio per comprendere meglio pregi e difetti del nuovo capitolo dedicato al mondo del basket. <span xml:lang=\"en\" lang=\"en\">NBA</span> 2021 &egrave stato mostrato durante l’evento Sony dedicato a PS5, lasciando gli utenti a bocca aperta: dettagli super curati, scene graficamente eccelse e possibilit&agrave di sfruttare l’<span xml:lang=\"en\" lang=\"en\">hardware</span> in maniera ancora pi&ugrave importante. Tutti cambiamenti che, per&ograve, non vedremo sin da subito. <span xml:lang=\"en\" lang=\"en\">Visual Concepts</span>, infatti, ha deciso di pubblicare due differenti versioni per il suo nuovo titolo: una per la generazione corrente ed una per la prossima. Un passaggio difficile che, sotto un certo punto di vista, potrebbe far storcere un po’ il naso; il motivo non &egrave tanto legato alle versioni console, bens&igrave a quella su PC.<br>Sebbene l’<span xml:lang=\"en\" lang=\"en\">hardware</span> su PC possa gi&agrave da tempo sfruttare le potenzialit&agrave della nuova generazione di PS5 e X<span xml:lang=\"en\" lang=\"en\">box</span> Sebbene l’<span xml:lang=\"en\" lang=\"en\">Series X</span>, la versione rilasciata su PC appartiene ancora alla generazione corrente. Un vero peccato, dal momento che, gi&agrave al lancio, gli utenti PC avrebbero potuto assaporare qualche novit&agrave e implementazione tecnica. Oltre a questo, la versione PC soffre di qualche pecca in pi&ugrave rispetto alle cugine su console: qualche <span xml:lang=\"en\" lang=\"en\">crash</span>, qualche <span xml:lang=\"en\" lang=\"en\">bug</span> e qualche imperfezione, che di certo non &egrave passata inosservata. Al momento, dunque, il lato tecnico e le migliorie grafiche saranno godibili solo in parte; per poter assaporare a pieno il nuovo <span xml:lang=\"en\" lang=\"en\">NBA</span> 2021 sar&agrave necessario attendere il rilascio delle nuove console.', '2020-12-10 15:59:02', '../img/nba.jpg', 2, 'Immagine di un giocatore di basket', 4),
(5, '<span xml:lang=\"en\" lang=\"en\">The Elder Scrolls </span>5: <span xml:lang=\"en\" lang=\"en\">Skyrim</span>', 'Esce, dopo cinque anni, il nuovo capitolo di una delle saghe pi&ugrave importanti del mondo dei giochi di ruolo', 'Dopo la fortunata parentesi nelle <span xml:lang=\"en\" lang=\"en\">Wasteland</span>, <span xml:lang=\"en\" lang=\"en\">Bethesda</span> torna nelle terre che l’hanno resa celebre e hanno consentito alla serie <span xml:lang=\"en\" lang=\"en\">The Elder Scrolls </span>di entrare nel gotha videoludico. Senza dimenticare i primi episodi, grazie a <span xml:lang=\"en\" lang=\"en\">Oblivion</span> i ragazzi americani sono riusciti a restituire prestigio e fama ad un genere, quello dei giochi di ruolo occidentali, caduto nel dimenticatoio dopo i fasti degli anni ’90. Questo capitolo &egrave stato infatti in grado di conquistare anche l’utenza console (a quei tempi di nuova generazione), spesso allergica a <span xml:lang=\"en\" lang=\"en\">gameplay</span> troppo profondi o dispersivi, ma in questo caso incapace di resistere al fascino ed alla vastit&agrave di <span xml:lang=\"en\" lang=\"en\">Cyrodiil</span>.\r\nA distanza di poco pi&ugrave di cinque anni dall’ultima apparizione, i giocatori di tutto il mondo potranno tornare a calcare le terre di <span xml:lang=\"en\" lang=\"en\">Tamriel</span>. Questa volta per&ograve, umide paludi e lussureggianti foreste lasciano il posto ad una terra fredda ed inospitale, abitata da uomini duri ed inflessibili e martoriata da una guerra intestina: <span xml:lang=\"en\" lang=\"en\">Skyrim</span>. La provincia di <span xml:lang=\"en\" lang=\"en\">Skyrim</span>, collocata presso il margine settentrionale del continente di <span xml:lang=\"en\" lang=\"en\">Tamriel</span>, &egrave in fermento. In seguito alla decisione di bandire la religione di <span xml:lang=\"en\" lang=\"en\">Talos</span>, leggendario eroe nordico e fondatore dello stesso Terzo Impero, molti degli <span xml:lang=\"en\" lang=\"en\">Jarl</span>, i governatori delle nove principali citt&agrave stato di <span xml:lang=\"en\" lang=\"en\">Skyrim</span>, hanno deciso di sostenere <span xml:lang=\"en\" lang=\"en\">Ulfric</span> Manto della Tempesta nella sua aperta ribellione contro l’Impero e i <span xml:lang=\"en\" lang=\"en\">Thalmor</span>, veri responsabili di questa scelta. Come se non bastasse i draghi, creature che fino a poco tempo prima comparivano solo nelle leggende, sono tornati a martoriare queste terre e nessuno sembra in grado di arrestare la loro opera distruttiva.\r\nLe stesse leggende parlano anche dei Sangue di Drago, guerrieri benedetti in grado di combattere ad armi pari queste bestie leggendarie, assorbendone i poteri per riutilizzarli sotto forma di Urli.\r\nNonostante si tratti di una provincia remota, anche a <span xml:lang=\"en\" lang=\"en\">Skyrim</span> si fanno sentire i contraccolpi di alcuni grandi sconvolgimenti avvenuti nell’impero: la gilda dei maghi non esiste pi&ugrave, l’impero &egrave debole e le <span xml:lang=\"en\" lang=\"en\">Blade</span>, leggendario ordine al servizio dell’imperatore, sono allo sbando. In questo quadro impersonerete un prigioniero dal passato misterioso, il cui futuro sar&agrave forgiato dalle vostre mani.', '2011-11-10 15:12:45', '../img/skyrim.jpg', 1, 'Persona con un elmo vichingo', 5),
(6, '<span xml:lang=\"en\" lang=\"en\">God of War</span>', 'la furia di <span xml:lang=\"en\" lang=\"en\">Kratos</span> esplode su PS4', 'Il tempo della rabbia &egrave finito. Si sono spenti i giorni dell\'ira, soffocati dalla coltre di neve del freddo nord, e il sangue delle divinit&agrave elleniche &egrave ormai lavato nelle acque glaciali di quel luogo che in molti chiamano <span xml:lang=\"en\" lang=\"en\">Midgard</span>. Sono lontane le battaglie titaniche contro gli Dei capricciosi dell\'Olimpo, gli scontri furiosi con chimere e minotauri, le grida vorticanti delle lame. Dalla disfatta di Zeus e dal crollo del suo pantheon sono trascorsi molti anni; anni docili e piani, fatti di una vita regolare, di nuovi affetti familiari e di una paternit&agrave faticosa, forse non desiderata.\r\nDi questa nebulosa stagione della vita di <span xml:lang=\"en\" lang=\"en\">Kratos</span> quasi non si fa menzione, nel racconto poderoso del nuovo <span xml:lang=\"en\" lang=\"en\">God of War</span>: perch&eacute &egrave giusto che il passato resti dov\'&egrave, immutabile e remoto. Il grande balzo temporale che ci consegna un eroe invecchiato, taciturno e barbuto &egrave un brillante espediente con cui Santa Monica dichiara fin da subito la distanza che separa questo capitolo dai precedenti titoli della saga. <span xml:lang=\"en\" lang=\"en\">Kratos</span> porta ancora le cicatrici delle sue antiche avventure, in lui ribolle la stessa fierezza ereditata dall\'educazione di Sparta, ma il dio della guerra ha deciso di cambiare. Di crescere, di trasformarsi.\r\nAlla stessa maniera della serie di cui &egrave protagonista, che ci propone un episodio diverso ma non irriconoscibile, grandioso come un tempo ma deciso ad evolversi. Si &egrave detto spesso che questo <span xml:lang=\"en\" lang=\"en\">God of War</span> costituisce un nuovo inizio, l\'incipit di percorso alternativo a quello tracciato durante le scorse generazioni. In verit&agrave l\'ultimo <span xml:lang=\"en\" lang=\"en\">God of War</span> &egrave molto pi&ugrave di questo: rappresenta infatti la volont&agrave di rifondare il canone dell\'action, di allargarne i confini abbracciando un incedere pi&ugrave avventuroso, senza tuttavia sacrificare le sensazioni dirompenti di un <span xml:lang=\"en\" lang=\"en\">combat system</span> incredibilmente fisico e feroce. Facendosi racconto di viaggio e di formazione, scacciando la banalit&agrave narrativa dei primi capitoli e trattando tematiche pi&ugrave profonde e appassionanti, <span xml:lang=\"en\" lang=\"en\">God of War</span> rapisce il giocatore e lo conduce per mano in un mondo meraviglioso. Impressionante come il lavoro di codifica della mitologia norrena operato dal team di sviluppo, monumentale come la quantit&agrave di contenuti che propone, sorprendete dall\'inizio alla fine, <span xml:lang=\"en\" lang=\"en\">God of War</span> &egrave un titolo indimenticabile e a tratti persino sconvolgente, capace di scacciare ogni dubbio e convincere anche i pi&ugrave scettici conservatori.', '2018-04-20 11:17:50', '../img/godOfWar.jpg', 5, 'Immagine di Kratos con il figlio in una piccola imbarcazione', 6),
(7, '<span xml:lang=\"en\" lang=\"en\">Jurassic World Evolution</span>', 'Dinosauri fantastici e come allevarli. Nato come erede spirituale di <span xml:lang=\"en\" lang=\"en\">Operation Genesis</span>, il gestionale di <span xml:lang=\"en\" lang=\"en\">Frontier</span> &egrave uno dei migliori titoli su licenza tratto dall\' universo di <span xml:lang=\"en\" lang=\"en\">Jurassic Park</span>. ', 'C\'&egrave un prima e un dopo <span xml:lang=\"en\" lang=\"en\">Jurassic Park</span>. Quando nel 1993 usc&igrave la prima pellicola ci furono due rivoluzioni culturali. La prima coinvolse la Scienza: la sopolarizzazione dei dinosauri prodotta dal film ispirato dal romanzo di <span xml:lang=\"en\" lang=\"en\">Michael Crichton</span> cre&ograve un ponte tra paleontologica e pubblico, sul quale poggia ora gran parte dell\'attuale divulgazione scientifica sul tema. La seconda riguard&ograve l\'Intrattenimento. La concezione moderna che abbiamo della <span xml:lang=\"en\" lang=\"en\">Computer</span> Grafica si deve a <span xml:lang=\"en\" lang=\"en\">Jurassic Park</span>, il primo film a creare una creatura fotorealistica perfettamente integrata con la scene riprese dal vero. Da l&igrave in poi si &egrave aperto un mondo di possibilit&agrave, e l\'evoluzione esponenziale del metodo ha portato ai fantastici risultati che tutti abbiamo sotto gli occhi. Oggi, nel venticinquesimo anniversario dall\'uscita del primo film, quella <abbr title=\"Computer generated imagery\">CGI</abbr> &egrave tra le nostre mani, in forma interattiva, pronta a rispondere al nostri comandi.\r\n<span xml:lang=\"en\" lang=\"en\">Jurassic World Evolution</span>, come da titolo, &egrave il nuovo prodotto legato al rilancio della famosa saga filmica, che al momento &egrave presente nelle sale cinematografiche con la sua seconda iterazione Il Regno Distrutto. In questo erede spirituale di <span xml:lang=\"en\" lang=\"en\">Operation Genesis</span> abbiamo la possibilit&agrave di costruire il nostro parco preistorico ideale, amministrando sapientemente le risorse e gestendo le dinamiche quotidiane delle nostre attrazioni, i dinosauri. Tutto questo arricchito da una serie di obiettivi e <span xml:lang=\"en\" lang=\"en\">sidequest</span> che andranno a influenzare la nostra rendita generale.\r\nIl gestionale creato dai ragazzi di <span xml:lang=\"en\" lang=\"en\">Frontier Development</span> ha tutti i crismi del caso. Un titolo su licenza che rispetta l\'opera originale e che fornisce tutti gli strumenti per replicarla fedelmente. Partiremo con un <span xml:lang=\"en\" lang=\"en\">budget</span> limitato a nostra disposizione, quanto basta per avviare la nostra attivit&agrave su <span xml:lang=\"es\" lang=\"es\">Isla Matanceros</span>. Qui scopriamo il primo grande punto a favore del gioco: in <span xml:lang=\"en\" lang=\"en\">Jurassic World Evolution</span> avremo a disposizione tutto l\'arcipelago de <span xml:lang=\"es\" lang=\"es\">Las Cinco Muertes (Isla Matanceros, Isla Muerta, Isla Pena, Isla Sorna e Isla Taca&ntildeo)</span>, suddiviso per gradi di difficolt&egrave e con ogni isola distinta da caratteristiche particolari.<br> Su <span xml:lang=\"es\" lang=\"es\">Isla Sorna</span> per esempio, l\'ambiente &egrave ostile, i dinosauri sono allo stato brado (come ci insegna Il Mondo Perduto) e tutte la struttura &egrave da ripristinare. Su <span xml:lang=\"es\" lang=\"es\">Isla Muerta</span>, invece, la conformazione del territorio non aiuta la progettazione ed &egrave flagellata dalle tempeste; in <span xml:lang=\"es\" lang=\"es\">Isla Pena</span> le operazioni sono condotte solo in notturna, feature che sopperisce all\'assenza di un ciclo dinamico giorno notte e cos&igrave via. Ogni luogo rappresenta insomma una sfida sempre diversa, con varie condizioni da rispettare, e ciascuna verr&agrave progressivamente sbloccata raggiungendo un determinato punteggio nelle isole adiacenti. A completare l\'offerta troviamo <span xml:lang=\"es\" lang=\"es\">Isla Nublar</span>, che non ha limiti di budget, nel quale potrete sperimentare e creare il vostro parco dei sogni forti di tutti i <span xml:lang=\"en\" lang=\"en\">power up</span> e le opzioni ottenute sull\'arcipelago.', '2018-06-18 19:57:45', '../img/jurassicWorldEvolution.jpg', 6, 'Immagine di un tirannosauro evaso dalla propria recinzione', 7),
(8, '<span xml:lang=\"en\" lang=\"en\">Red Dead Redemption</span> 2', 'C’era una volta il <span xml:lang=\"en\" lang=\"en\">West</span>', 'Sconfinati e avvolgenti, gli spazi di <span xml:lang=\"en\" lang=\"en\">Red Dead Redemption</span> 2 corrono incontro al giocatore e lo catturano senza scampo: un vibrare improvviso di archi, la neve che cede sotto la marcia esausta dei cavalli, e gi&agrave ti trovi immerso nel selvaggio <span xml:lang=\"en\" lang=\"en\">West</span>; nella frontiera virtuale meticolosamente assemblata da <span xml:lang=\"en\" lang=\"en\">Rockstar Games</span>.<br>Le prime ore di gioco sono scandite da un moto di costante meraviglia, accompagnate dal gusto della scoperta e dall\'esaltazione per un racconto potente e intenso. I due pilastri che sorreggono la mole monumentale della produzione sono proprio questi: la narrazione dirompente da un lato, l\'impressionante densit&agrave del mondo di gioco dall\'altro. E se <span xml:lang=\"en\" lang=\"en\">Red Dead Redemption</span> 2 pu&ugrave essere considerato una pietra miliare del <span xml:lang=\"en\" lang=\"en\">gaming</span>, una lezione di creativit&agrave per tutta l\'industria e pi&ugrave in generale un grande capolavoro, &egrave soprattutto per la maestria con cui riesce ad intrecciare questi due elementi, a farli convivere e coesistere. La vera magia di <span xml:lang=\"en\" lang=\"en\">Red Dead Redemption</span> 2, in definitiva, va oltre la possibilit&agrave di scambiare qualche frase con ogni personaggio, o la bellezza imponderabile dei suoi paesaggi, e sta tutta nella capacit&agrave di fondere ambiente, racconto e <span xml:lang=\"en\" lang=\"en\">gameplay</span>.<br>\r\nIl nuovo <span xml:lang=\"en\" lang=\"en\">kolossal</span> di <span xml:lang=\"en\" lang=\"en\">Rockstar</span>, grazie ad una straordinaria alchimia, riesce ad essere un\'immensa avventura interattiva, una delle migliori storie mai raccontate in un videogame, e al tempo stesso il pi&ugrave incredibile modello di \"mondo aperto\" creato finora. <span xml:lang=\"en\" lang=\"en\">Red Dead Redemption</span> 2 &egrave l\'intensit&agrave narrativa di <span xml:lang=\"en\" lang=\"en\">The Last Of Us</span> che incontra l\'estensione di <span xml:lang=\"en\" lang=\"en\">Grand Theft Auto</span>; &egrave un modo tutto nuovo di intendere uno spazio virtuale, e una prova di coraggio sbattuta in faccia alle regole di mercato. Un gioco che lascia un segno indelebile, mette un punto, e forse riesce persino a fare qualcosa in pi&ugrave: a ribadire che il videogioco pu&oacute trasmettere emozioni e narrare storie in maniera pi&ugrave trascinante ed efficace di qualsiasi altro medium. <span xml:lang=\"en\" lang=\"en\">Red Dead Redemption</span> 2, insomma, non &egrave soltanto un titolo imprescindibile: &egrave una delle migliori pagine del nostro manifesto di videogiocatori.<br> La ferrovia sfreccia lungo le distese di <span xml:lang=\"en\" lang=\"en\">New Hanover</span> come una cicatrice di metallo e di fumo, facendo riecheggiare nella valle il suo messaggio di velocit&agrave e progresso. Le locomotive arrivano tronfie e vibranti, mostri metallici nel cui ventre si ammassano i signorotti di <span xml:lang=\"en\" lang=\"en\">Saint Denis</span> con i loro <span xml:lang=\"fr\" lang=\"fr\">gilet</span> gessati e le bombette sulla testa, e si fermano a <span xml:lang=\"en\" lang=\"en\">Valentine</span>, cittadina di vaccari e allevatori che sorge proprio al centro della vallata. C\'&egrave una sola strada, a <span xml:lang=\"en\" lang=\"en\">Valentine</span>, ricoperta di fanghiglia: passa accanto al <span xml:lang=\"en\" lang=\"en\">saloon</span> e all\'emporio generale, alla piccola banca di provincia ed all\'ufficio dello sceriffo, e poi torna a perdersi nel verde, incontro a praterie interminabili, sorvegliate dal profilo imponente delle montagne.<br>&Egrave qui, proprio al centro della mappa di gioco, che si incontrano Est e Ovest, passato e futuro, frontiera e civilt&agrave. In questo luogo fatto di contrasti si rivela insomma la poetica di <span xml:lang=\"en\" lang=\"en\">Red Dead Redemption</span> 2, impegnato a raccontare la fine di un\'epoca e la caduta di un mito. L\'anno &egrave il 1899, e mentre il secolo si spegne, con lui muore anche la leggenda del selvaggio <span xml:lang=\"en\" lang=\"en\">west</span>. L\'America ha deciso che non c\'&egrave pi&ugrave posto per banditi e pistoleri, per i <span xml:lang=\"en\" lang=\"en\">cowboy</span>, i cercatori d\'oro ed i nativi americani, ricacciati nelle loro riserve: attraverso le strade ferrate si diffonde un nuovo modello di modernit&agrave e sviluppo, pronto a schiacciare per sempre il sogno di una libert&agrave senza compromessi.<br>Fin dalle prime battute <span xml:lang=\"en\" lang=\"en\">Red Dead Redemption</span> 2 trasmette un profondo senso di scacco esistenziale, una dolorosa consapevolezza della fine. Scacciata da <span xml:lang=\"en\" lang=\"en\">Blackwater</span> dopo un colpo finito male, la banda di <span xml:lang=\"en\" lang=\"en\">Dutch van der Linde</span> si nasconde in una vecchia cittadina mineraria sulle montagne, braccata dagli agenti della <span xml:lang=\"en\" lang=\"en\">Pinkerton</span> e ferita nell\'orgoglio. Lo sanno tutti, in fondo, che il loro tempo &egrave finito, che non sar&agrave possibile rimettersi in piedi: quell\'improbabile mucchio di fuorilegge &egrave l\'ultimo residuo di un\'et&agrave ormai sfiorita. Eppure <span xml:lang=\"en\" lang=\"en\">Dutch</span> non si arrende; nella sua testa continua a ronzare un piano, una via di fuga fatta \"di sogni e rapine\".', '2018-10-25 00:00:00', '../img/redDeadRedemption2.jpg', 4, 'Immagine di un cow boy con un fucile in mano', 8),
(9, '<span xml:lang=\"en\" lang=\"en\">Dark Souls</span> 3', '<span xml:lang=\"ja\" lang=\"ja\">Hidetaka Miyazaki</span> supervisiona lo sviluppo del terzo capitolo della sua saga: citazionismo intelligente, difficolt&agrave pronunciata, <span xml:lang=\"en\" lang=\"en\">gameplay</span> ben rodato.', '<span xml:lang=\"en\" lang=\"en\">Lothric</span> &egrave un luogo al contempo familiare e misterioso. Centro caldo e pulsante del \"multiverso\" della saga <span xml:lang=\"en\" lang=\"en\">Souls</span>, &egrave il punto in cui si incontrano tutte le cupe fantasie di <span xml:lang=\"ja\" lang=\"ja\">Hidetaka Miyazaki</span>: uno spazio in cui, con violenza quasi tonante, convergono le ambientazioni perverse e desolate che cos&igrave bene abbiamo imparato a conoscere.<br>A <span xml:lang=\"en\" lang=\"en\">Lothric</span> ci si imbatte in frammenti di mondi gi&agrave esplorati, in antiche fascinazioni: ci sono le guglie sbiadite di <span xml:lang=\"en\" lang=\"en\">Anor Londo</span>, le bestie annegate di <span xml:lang=\"en\" lang=\"en\">Bloodborne</span>; e ancora le scalinate interminabili del castello di <span xml:lang=\"en\" lang=\"en\">Boletaria</span>, estratte dal primo e meno noto capolavoro di <span xml:lang=\"en\" lang=\"en\">>From Software</span. Sono brandelli staccati,con meticolosa precisione chirurgica, da <span xml:lang=\"en\" lang=\"en\">Lordan</span> e <span xml:lang=\"en\" lang=\"en\">Drangleic</span> e <span xml:lang=\"en\" lang=\"en\">Yharnam</span>, cuciti per&ograve sulla pelle di un mondo nuovo. A <span xml:lang=\"en\" lang=\"en\">Lothric</span>, del resto, c\'&egrave molto altro da vedere: a pi&ugrave riprese lo sfrenato citazionismo di <span xml:lang=\"en\" lang=\"en\">Dark Souls</span> 3 si fa da parte, lascia spazio ad ambienti mai attraversati. Le prigioni luride e dimenticate che si estendono nelle viscere della citt&agrave di <span xml:lang=\"en\" lang=\"en\">Irithyll</span>, le cui guglie cristalline dominano la Valle Boreale; e ancora le rovine diroccate della Capitale Profanata, invase dai <span xml:lang=\"en\" lang=\"en\">gargoyle</span> di pietra che si ergevano a guardia dei torrioni, e dagli strani sacerdoti di un culto sotterraneo.\r\n<span xml:lang=\"en\" lang=\"en\">Lothric</span> &egrave insomma un mondo affascinante, un regno che vive in bilico fra il ricordo e la scoperta. Gli manca, &egrave vero, la circolarit&agrave meravigliosa di <span xml:lang=\"en\" lang=\"en\">Lordran</span>, o l\'originalit&agrave bestiale di <span xml:lang=\"en\" lang=\"en\">Yharnam</span>: il disfrenamento ferino di <span xml:lang=\"en\" lang=\"en\">Bloodborne</span>, i suoi tratti squisitamente lovecraftiani, rappresentano ancora oggi il vertice della produzione di <span xml:lang=\"en\" lang=\"en\">From Software</span>, per lo meno in fatto di stile e ispirazione artistica. Eppure <span xml:lang=\"en\" lang=\"en\">Lothric</span> ha suo modo tutto particolare di scavarsi un posto nelle nostre memorie di videogiocatori, colpendole con scossoni imprevedibili e improvvisi: l\'incedere di <span xml:lang=\"en\" lang=\"en\">Dark Souls</span> 3 alterna fasi piane e regolari a momenti indelebili, carichi di un valore scenico o affettivo senza precedenti. L\'incontro inatteso con <span xml:lang=\"en\" lang=\"en\">Havel</span> in persona, oppure la bellezza tempestosa di un castello assediato dai draghi (in una delle ambientazioni stranamente pi&ugrave solari di tutta la serie), sono sequenze che si mescolano con decine di altri rimandi, e finiscono per comporre un catalogo di situazioni che non lasceranno indifferenti vecchi fan e nuovi avventori.<br>L\'approccio adottato dal team di sviluppo, questa urgenza di ricorrere ad una cospicua serie di rimandi espliciti, non &egrave insomma una furberia dell\'ultima ora, ma il modo migliore per rapportarsi con la pesantissima eredit&agrave della saga. Abbracciandola apertamente, riportandola sotto gli occhi di chi l\'ha vissuta, <span xml:lang=\"en\" lang=\"en\">From Software</span> compie un piccolo miracolo: riesce a costruire una \"mitologia di secondo grado\", alla base della quale non ci sono pi&ugrave aneddoti nebulosi e misteri mai chiariti, ma l\'esperienza stessa dei giocatori e della community. &Egrave, per una serie che festeggia appena sette anni, un risultato eccezionale. Nonostante la narrazione resti ancora in disparte, raccontando di una fiamma estinta e del viaggio per riattizzare (o spegnere definitivamente?) le braci del creato, ogni elemento di <span xml:lang=\"en\" lang=\"en\">Dark Souls</span> 3, dai personaggi agli oggetti, racconta una storia a suo modo pi&ugrave esplicita, pi&ugrave densa, pi&ugrave affascinante. Era l\'unico modo per rendere merito ad una fanbase che si &egrave sempre impegnata per \"colmare i vuoti\" di un racconto ermetico, forgiando con una creativit&agrave senza pari una \"<span xml:lang=\"en\" lang=\"en\">lore</span>\" che qui trova la sua sublimazione.', '2016-04-04 16:24:54', '../img/darkSoulsIII.jpg', 1, 'Immagine di un personaggio del gioco con un castello nello sfondo', 9),
(10, '<span xml:lang=\"en\" lang=\"en\">Call of Duty: Modern Warfare</span>', '<span xml:lang=\"en\" lang=\"en\"><abbr title=\"call of Duty\">COD</abbr></span> torna nel 2019 con <span xml:lang=\"en\" lang=\"en\">Modern Warfare</span>: obiettivo, riconquistare il trono dei giochi sparatutto <span xml:lang=\"en\" lang=\"en\">multiplayer online</span>', 'Il nuovo <span xml:lang=\"en\" lang=\"en\">Modern Warfare</span> &egrave un episodio essenziale per la saga <span xml:lang=\"en\" lang=\"en\">shooter</span> di <span xml:lang=\"en\" lang=\"en\">Activision</span>. Si tratta, senza mezzi termini, di un capitolo che segna il riscatto per <span xml:lang=\"en\" lang=\"en\">Infinity Ward</span>, e pi&ugrave in generale per <span xml:lang=\"en\" lang=\"en\">Call of Duty</span>; un <span xml:lang=\"en\" lang=\"en\">brand</span> che negli anni ha continuato a sfornare prodotti solidi e consistenti, ma che aveva evidentemente perso lo smalto delle origini. E allora ecco che il <span xml:lang=\"en\" lang=\"en\">publisher</span> decide di fare tabula rasa e ripartire, proprio da quel capitolo seminale che dodici anni fa ha cambiato per sempre la storia degli sparatutto in prima persona. O meglio, <span xml:lang=\"en\" lang=\"en\">Activision</span> riparte dalla sua filosofia portante: questo <span xml:lang=\"en\" lang=\"en\">Modern Warfare</span>, infatti, non &egrave un <span xml:lang=\"en\" lang=\"en\">remake</span> ma una totale reinterpretazione, un prodotto che recupera i valori del capolavoro uscito nel 2007 e li usa come fondamenta per dare compattezza e profondit&agrave all\'offerta di gioco. Ecco quindi che, smarcati i <span xml:lang=\"en\" lang=\"en\">setting</span> futuristici e quelli storici, si torna (come la titolazione lascia intendere) ad una guerra moderna, attuale, fatta di decisioni dolorose e inquadrata sempre in scala di grigi.<br>Attraverso una campagna potente e intensa <span xml:lang=\"en\" lang=\"en\">Modern Warfare</span> racconta un conflitto strisciante, combattuto con la strategia del terrore e con le risorse dell\'<span xml:lang=\"en\" lang=\"en\">intelligence</span>: lo fa anche per ribadire l\'importanza della componente <span xml:lang=\"en\" lang=\"en\">Single Player</span>, sfortunatamente sparita da <span xml:lang=\"en\" lang=\"en\">Black Ops </span>4 ma in fin dei conti fondamentale per fissare un immaginario di riferimento, e necessaria per incuriosire e appassionare i giocatori. E poi c\'&egrave ovviamente il <span xml:lang=\"en\" lang=\"en\">multiplayer</span>, che non sconfessa i ritmi frenetici tipici della saga di <span xml:lang=\"en\" lang=\"en\">Activision</span> ma torna a focalizzarsi in maniera convincente su quello che pi&ugrave serve ad uno shooter competitivo: <span xml:lang=\"en\" lang=\"en\">level design</span>, variet&agrave dell\'offerta di gioco, leggibilit&agrave dell\'azione. Aggiungendo all\'offerta classica nuove modalit&agrave in un certo senso sperimentali (che addirittura fanno una inaspettata incursione nei territori di <span xml:lang=\"en\" lang=\"en\">Battlefield</span>), <span xml:lang=\"en\" lang=\"en\">Call of Duty: Modern Warfare</span> assembla una mole di contenuti davvero imponente, ulteriormente estesa dal ritorno delle <span xml:lang=\"en\" lang=\"en\">Spec Ops</span> (su cui tuttavia, lo anticipiamo, c\'&egrave ancora da lavorare).<br>Senza mezzi termini, insomma, possiamo considerare <span xml:lang=\"en\" lang=\"en\">Modern Warfare</span> un nuovo inizio per il brand, il miglior capitolo dell\'ultimo lustro, e un grande preambolo per il futuro di COD. Se &egrave vero che gli sparatutto in prima persona hanno smesso di essere un genere trainante per il mercato, almeno dal punto di vista creativo, resta altrettanto evidente che <span xml:lang=\"en\" lang=\"en\">Call of Duty</span> sia tornato saldamente in vetta della categoria.', '2019-11-05 10:12:16', '../img/COD.jpg', 3, 'Immagine di alcuni soldati mentre svolgono un\'operazione militare', 10),
(11, '<span xml:lang=\"en\" lang=\"en\">Sekiro: Shadows Die Twice</span>', '<span xml:lang=\"en\" lang=\"en\">Sekiro</span> &egrave il gioco pi&ugrave ambizioso e difficile creato da <span xml:lang=\"en\" lang=\"en\">From Software</span>. Ve lo raccontiamo nella nostra recensione. ', '<span xml:lang=\"en\" lang=\"en\">Sekiro</span> &egrave il gioco pi&ugrave difficile, complesso e punitivo mai sviluppato da <span xml:lang=\"en\" lang=\"en\">From Software</span>. Meglio dirlo subito, nettamente, perch&egrave si tratta di un\'indicazione per molti sufficiente ad inquadrare il prodotto, o ad allontanarsene vigorosamente. Scegliendo di abbandonare la formula ludica dei <span xml:lang=\"en\" lang=\"en\">Souls</span> per esplorare i panorami dell\'<span xml:lang=\"en\" lang=\"en\">action game</span>, il <span xml:lang=\"en\" lang=\"en\">team</span> capitanato da <span xml:lang=\"ja\" lang=\"ja\">Hidetaka Miyazaki</span> non ha sconfessato uno dei suoi tratti distintivi, quello della difficolt&agrave sopra le righe; ed anzi l\'ha volutamente amplificato, estremizzandolo in maniera netta e decisa.\r\n<span xml:lang=\"en\" lang=\"en\">Sekiro</span> &egrave, senza mezzi termini, un prodotto massacrante, che ad intervalli regolari vi getta addosso ostacoli all\'apparenza insuperabili. Per affrontarlo serve pazienza, determinazione, ma anche un\'imperturbabile tendenza all\'auto-miglioramento, che il gioco sembra quasi ereditare dalle filosofie orientali in cui, a livello tematico, sguazza con estrema familiarit&grave.<br>&Egrave importante ribadire questo concetto, prima di addentrarci nella recensione, soprattutto per due ragioni. In primo luogo per specificare che <span xml:lang=\"en\" lang=\"en\">Sekiro</span> non &egrave un gioco per tutti: chi legittimamente cerca un tipo di intrattenimento meno impegnativo, chi non vuole passare (letteralmente) ore di fronte ad un singolo boss, chi non trae piacere dal superamento di uno scoglio esclusivamente virtuale, deve stare pi&ugrave lontano possibile dal nuovo titolo di <span xml:lang=\"en\" lang=\"en\">From Software</span>. Per evitare cos&igrave di essere travolto da un fortissimo senso di impotenza e frustrazione.\r\nD\'altro canto, &egrave fondamentale rispettare il team di sviluppo per aver proseguito con sicurezza incrollabile nel suo percorso ludico e creativo, lanciando sul mercato un videogioco dedicato ad una (corposa) nicchia di infaticabili amanti della sfida (in questo caso verrebbe da aggiungere:sovrumana).', '2019-03-25 08:00:00', '../img/sekiro.jpg', 5, 'Immagine del protagonista di fronte ad un tempio in fiamme', 11),
(12, '<span xml:lang=\"en\" lang=\"en\">Devil May Cry</span> 5', '\r\n<span xml:lang=\"en\" lang=\"en\">Capcom</span> riporta in vita la serie <span xml:lang=\"en\" lang=\"en\">Devil May Cry</span> con un quinto episodio che propone un \r\n<span xml:lang=\"en\" lang=\"en\">gameplay</span> frenetico e un comparto tecnico di prim\'ordine.', '<span xml:lang=\"en\" lang=\"en\">Devil May Cry</span> 5 comincia con una misteriosa infestazione che colpisce \r\n<span xml:lang=\"en\" lang=\"en\">Red Grave City</span>, un albero demoniaco le cui radici affondano nelle profondit&agrave degli inferi, che cresce come un parassita nutrendosi di sangue umano, portando con s&eacute un ampio catalogo di creature deformi e mefitiche.<br>Nero, con il supporto della sboccata Nico (nuovo, graditissimo arrivo nella mitologia di <span xml:lang=\"en\" lang=\"en\">Devil May Cry</span>), sembra impegnato a contenere la diffusione del \r\n<span xml:lang=\"en\" lang=\"en\">Qliphoth</span>, questa pianta colossale il cui nome arriva dalla Cabala ebraica (con un termine che sta a indicare le rappresentazioni delle forze spirituali impure).\r\nAttorno a questa premessa, poco a poco, si costruisce un racconto leggermente pi&ugrave elaborato, che tuttavia non brilla per complessit&agrave e non rappresenta di certo il fulcro portante della produzione. La trama &egrave di fatto una scusa per tirare in ballo molti dei personaggi storici della saga, ragionando sulle loro rivalit&agrave ancestrali e sugli elaborati rapporti di parentela. A dirla tutta \r\n<span xml:lang=\"en\" lang=\"en\">Capcom</span> ha comunque approntato un buon intreccio, svelando con attenzione i retroscena della missione (attraverso \r\n<span xml:lang=\"en\" lang=\"en\">flashback</span> collocati al momento giusto), e soprattutto riservandosi un paio di colpi di scena decisi e poderosi (anche se leggermente prevedibili per i pi&ugrave attenti). Resta inteso che la storia di <span xml:lang=\"en\" lang=\"en\">Devil May Cry</span> 5, comprese le svestite comparsate di \r\n<span xml:lang=\"en\" lang=\"en\">Trish</span> e \r\n<span xml:lang=\"en\" lang=\"en\">Lady</span>, &egrave <span xml:lang=\"en\" lang=\"en\">fan service</span> allo stato puro, un divertito numero di giocoleria con gli elementi e i personaggi che compongono la <span xml:lang=\"en\" lang=\"en\">continuity</span> della saga. Il racconto, che in certi casi sembra pensato per ripresentare eroi e antagonisti storici a qualche giocatore dell\'ultima ora, rimane volutamente inconcludente e insomma non reclama troppe attenzioni, lasciando che a parlare siano spade, evocazioni e sonori pugni in faccia.', '2019-03-08 09:32:12', '../img/devilMayCry5.jpg', 5, 'Immagine dei tre protagonisti che camminano lungo una via cittadina', 12),
(13, '<span xml:lang=\"en\" lang=\"en\">Frostpunk</span>', 'Che fretta c\'era, maledetta primavera', 'Non ci bastava aver sviscerato <span xml:lang=\"en\" lang=\"en\">Frostpunk</span>, uno dei \r\n<span xml:lang=\"en\" lang=\"en\">city builder</span> migliori (e pi&ugrave peculiari) dello scorso anno, nella sua versione PC: in concomitanza dell’arrivo del prodotto \r\n<span xml:lang=\"en\" lang=\"en\">11 bit studios</span> anche su \r\n<span xml:lang=\"en\" lang=\"en\">console</span>, abbiamo perso un’altra ventina di ore nel tentativo di prendere le decisioni giuste per la popolazione della nostra citt&agrave.<br>Quello che segue &egrave il resoconto di quanto accaduto.<br>Lontano anni luce dai canoni imposti da prodotti come Tropico o \r\n<span xml:lang=\"en\" lang=\"en\">Cities Skyline, Frostpunk</span> &egrave un inconsueto ibrido tra un \r\n<span xml:lang=\"en\" lang=\"en\">city builder</span>, di cui mantiene l’ossatura e un buon numero di meccaniche di gioco, e un <span xml:lang=\"en\" lang=\"en\">survival</span>, con condizioni estreme a cui far fronte dal punto di vista tanto del meteo, quanto della scarsit&agrave di risorse.\r\nAmbientato in un futuro a tinte fosche, non cos&igrave distante da quello che potrebbe aspettarci a dar retta a \r\n<span xml:lang=\"en\" lang=\"en\">Greta Thunberg</span>, l’ultima fatica dei creatori di quel gioiellino che risponde al nome di <span xml:lang=\"en\" lang=\"en\">This war of mine</span> mette il giocatore in una posizione pi&ugrave scomoda di chi era seduto sul trono di spade nella famosa serie <span xml:lang=\"en\" lang=\"en\"><abbr title=\"Home Box Office\">HBO</abbr></span>.<br>A capo di un manipolo di sopravvissuti alla nuova era glaciale che ha investito il pianeta, diretta conseguenza dell’inquinamento e dei cambiamenti climatici causati dall’umanit&agrave, sempre pi&ugrave avida e ingorda, saremo chiamati a far tesoro di quel poco che la natura &egrave ancora disposta a darci, tra temperature polari, mancanza di selvaggina e impossibilit&agrave di coltivare qualsivoglia frumento.<br>Dai creatori di un prodotto moralmente complesso come il gi&agrave citato <span xml:lang=\"en\" lang=\"en\">This war of mine</span>, poi, non ci si poteva attendere altro che un gioco capace di mettere il giocatore dinanzi a scelta assai complicate, le cui implicazioni morali lo perseguiteranno per ore anche a console spenta: <span xml:lang=\"en\" lang=\"en\">Frostpunk</span> gioca bene le sue carte anche in questo campo, principalmente in due modi.\r\nIn primis, personalizzando quasi tutti gli abitanti della sfortunata comunit&agrave che andremo a dirigere, evidenziando bene i bisogni, le debolezze, i familiari e le richieste di ognuno dei poveri disgraziati invischiati nella nostra stessa situazione. Secondariamente, rendendo “sbagliate” anche le decisioni apparentemente inoppugnabili.<br>Proprio come il buon Daniele Spelta un anno fa, abbiamo tentato di prendere decisioni che fossero il pi&ugrave possibile ecumeniche, come vietare il lavoro minorile, concedere giorni di riposo ai lavoratori o dare precedenza a donne e bambini nella distribuzione del cibo, ma questo non ci ha salvato dal baratro. Senza la manodopera aggiuntiva garantita dai minorenni, infatti, sono venute presto a a mancarci le braccia sufficienti per portare a termine progetti essenziali per la comunit&agrave, cos&igrave come non hanno tardato le proteste dei lavoratori di sesso maschile quando, al termine di una dura giornata in miniera, si sono ritrovati dinanzi gli scarti di donne e bambini come cena.\r\nPreparatevi, insomma: qualsiasi decisione prenderete, sbaglierete. Non ce ne sono di giuste solo di meno sbagliate di altre.', '2019-10-25 12:32:54', '../img/frostpunk.jpg', 6, 'Immagine di alcuni espolratori in una montagna innevata', 13);
(14, '<span xml:lang=\"en\" lang=\"en\">Horizon Zero Dawn</span>', '<span xml:lang=\"es\" lang=\"es\">Guerrilla</span> <span xml:lang=\"en\" lang=\"en\">Games</span> confeziona uno dei migliori <span xml:lang=\"en\" lang=\"en\">Open World</span> di questa generazione. Un <abbr lang=\"en\" title=\"Role Playing Game\">RPG</abbr> vasto, stimolante e impegnativo, in un mondo indimenticabile.', 'Interno. Caverna. Buio. Voce narrante e carrellata su pitture rupestri dallo stile tutt\'altro che arcaico. Poi la schiarita; l\'immensit&agrave degli esterni, una luce accecante e il cantico delle macchine. Le note del tema principale che incalzano sempre pi&ugrave, semplici e potenti. E crescono, fino a raggiungere un\'esplosione trionfale.\r\n<span xml:lang=\"en\" lang=\"en\">Horizon Zero Dawn</span> ci piomb&ograve addosso cos&igrave, in quel lontano E3 2015, in maniera del tutto inaspettata. E gi&agrave i pochi istanti di quell\'indimenticabile reveal trailer bastarono a lasciarci storditi. Immobili, davanti all\'insolito incontro di erba e metallo, a quei panorami ancestrali eppure meccanici, assemblati in maniera ineccepibile dai ragazzi di <span xml:lang=\"es\" lang=\"es\">Guerrilla</span> <span xml:lang=\"en\" lang=\"en\">Games</span>.\r\nUn atto coraggioso, quello del <span xml:lang=\"en\" lang=\"en\">team</span> olandese, da sempre associato ad una saga di <abbr title=\"First Person Shooter\">FPS</abbr> dalla lussuosa veste grafica (ma dalla trama alquanto dimenticabile), e d\'improvviso deciso a lasciarsi tutto alle spalle per seguire un\'altra strada. Sviluppando un <span xml:lang=\"en\" lang=\"en\">action</span> rpg spiccatamente <span xml:lang=\"en\" lang=\"en\">story driven</span>, con una struttura <span xml:lang=\"en\" lang=\"en\">open-world</span>: che aspira per ambizione alle vette pi&ugrave alte della sua categoria. Un cambio di rotta cos&igrave drastico, si sa, equivale ad una sfida tutt\'altro che semplice anche per un <span xml:lang=\"en\" lang=\"en\">first party</span> di Sony, e in questi casi non basta una bella cornice tecnica e qualche azzeccata intuizione stilistica. Per fortuna i ragazzi di Amsterdam ne sono ben consapevoli.\r\nSei anni di sviluppo e solo un piccolo rinvio di natura prettamente \"politica\", ma alla fine eccoci qui; felicemente sperduti nel mondo \"post post apocalittico\" di <span xml:lang=\"en\" lang=\"en\">Horizon</span>, tutti intenti a cacciare antilopi sintetiche e a scoprire i segreti della nostra <span xml:lang=\"en\" lang=\"en\">Aloy</span>. Grazie a Sony, peraltro, abbiamo messo le mani in largo anticipo sul codice <span xml:lang=\"en\" lang=\"en\">review</span>, cos&igrave da poterci permettere un viaggio dai tempi meno costretti, nonch&eacute ogni tipo di approfondimento su quello che, gi&agrave da ora, vi assicuriamo essere uno degli <span xml:lang=\"en\" lang=\"en\">open world</span> pi&ugrave estesi e completi su cui abbiamo mai posato lo sguardo. Insomma, se amate il genere in questione e avete una PS4, questo &egrave il giorno in cui ringrazierete per il vostro acquisto: <span xml:lang=\"es\" lang=\"es\">Guerrilla</span> ce l\'ha fatta.<br><span xml:lang=\"en\" lang=\"en\">Horizon Zero Dawn</span> &egrave immenso, profondo e curato in ogni suo dettaglio. Quante volte avrete sentito questo trittico di aggettivi? Tante, forse troppe, fino a al punto da farla diventare un\'esclamazione inflazionata e di scarso effetto. Sta di fatto che stavolta &egrave maledettamente vero. Pi&ugrave che una recensione bisognerebbe scrivere un\'enciclopedia su un titolo di questa portata, e di sicuro il primo tomo sarebbe dedicato alla storia. Cominciamo quindi dalla trama e dalla narrazione che, com\'&egrave noto, ha sempre rappresentato la pi&ugrave grande fra le insicurezze degli utenti.\r\n&Egrave bene chiarire subito un punto fondamentale: <span xml:lang=\"en\" lang=\"en\">Horizon</span> non &egrave affatto un RPG a tutto campo, e sebbene integri una componente narrativa piuttosto centrale e alcuni elementi del suddetto genere, determinate meccaniche vengono necessariamente meno. Nonostante ci siano una miriade di dialoghi a scelta multipla, ad esempio, saranno ben pochi i bivi \"etici\" e decisionali. Le conversazioni con gli <abbr title=\"Non Playable Character\">NPC</abbr> servono perlopi&ugrave ad approfondire l\'esperienza di gioco, oppure a chiarire a voi stessi il profilo psicologico di <span xml:lang=\"en\" lang=\"en\">Aloy</span>, mediante tre \"indirizzi\" che simboleggiano rispettivamente l\'intelligenza razionale, l\'emotivit&agrave e la durezza violenta e cinica. Le ripercussioni delle scelte di cui parlavamo prima, invece, avranno un impatto assai minimo sulla trama. Del resto, gli sviluppatori ce lo hanno ampiamente ribadito negli ultimi mesi: \"volevamo raccontare una storia ben precisa, la nostra storia\". Su questo non abbiamo mai avuto nulla da obiettare, a patto per&ograve che la narrazione fosse stata all\'altezza del progetto. E cos&igrave &egrave stato.', '2017-02-20 13:56:35', '../img/horizonZeroDawn.jpg', 1, 'Protagonista che combatte contro degli animali metallici', 14),
(15, '<span xml:lang=\"en\" lang=\"en\">Rocket League</span>', 'Due squadre di macchinine radiocomandate, due porte, un campo (o meglio, una gigantesca arena) ed ovviamente una sfera di notevoli dimensioni: ecco gli elementi alla base di questo divertente titolo <span xml:lang=\"en\" lang=\"en\">arcade</span>', '<span xml:lang=\"en\" lang=\"en\">Supersonic Acrobatic Rocket Powered Battle Cars</span> usc&igrave nell\'ormai lontano 2008, su <span xml:lang=\"en\" lang=\"en\">PlayStation</span> 3. E aveva gli stessi, identici lineamenti di <span xml:lang=\"en\" lang=\"en\">Rocket League</span>. In pratica si giocava una partita di calcio controllando rapidissime auto radiocomandate, che schizzavano da ogni parte nel tentativo di sbattere contro un immenso pallone ed infilarlo nella rete avversaria. <span xml:lang=\"en\" lang=\"en\">Supersonic Acrobatic Rocket Powered Battle Cars</span>, tuttavia, non ha mai sfondato. Forse perch&eacute anche le idee, per sopravvivere e risaltare, hanno bisogno del giusto contesto. La situazione non proprio rosea in cui Ps3 versava sette anni fa, ed una generazione che voleva meravigliarci solo ed esclusivamente con il suo piglio cinematografico e narrativo, nell\'urgenza di mostrarsi tematicamente e artisticamente \"matura\", lasciarono nell\'ombra il progetto di Psyonix Studios, etichettato come \"un arcade fuori tempo massimo\", un giochetto di macchine e calcio. Oggi, dopo che la rivoluzione indie ci ha fatto riscoprire il valore di un <span xml:lang=\"en\" lang=\"en\">gameplay</span> diretto e genuino, fiaccati dall\'ondata interminabile di <span xml:lang=\"en\" lang=\"en\">remake</span> e <span xml:lang=\"en\" lang=\"en\">sequel</span> fotocopia, e soprattutto molto pi&ugrave abituati a giocare in rete, ci siamo accorti tutti quanti di avere un disperato bisogno di un giochetto di macchine e calcio.<br>Rocket League &egrave uno di quei titoli che sembrano usciti dai tempi di Vigilante 8, quando i videogiochi potevano permettersi di essere assurdi, bizzarri, e fieramente \"di nicchia\". È anche grazie agli strumenti di condivisione abilmente sfruttati dal <span xml:lang=\"en\" lang=\"en\">team</span> che oggi, proprio quella nicchia che ha riscoperto il piacere di un arcade schietto e immediato, riversa in rete quintali di filmati, di gol estrosi, di prodezze aree: sostenendo cos&igrave il senso di appartenenza ad una comunit&agrave viva, attiva, e ancora capace di divertirsi. Una sensazione che solo un titolo esplicitamente dedicato al ,<span xml:lang=\"en\" lang=\"en\">multiplayer</span> poteva promuovere, rinfrescando non solo l\'asfittica <span xml:lang=\"en\" lang=\"en\">line up</span> estiva, ma anche le speranze di poter costruire una <span xml:lang=\"en\" lang=\"en\">community</span> pi&ugrave aperta alla sperimentazione, pi&ugrave spensierata e meno aggressiva.', '2015-07-10 14:12:22', '../img/rocketLeague.jpg', 2, 'Immagine di un\'auto  del gioco che sta colpendo la palla', 15),
(16, '<span xml:lang=\"en\" lang=\"en\">Shadow of the Colossus</span>', 'Dopo 13 anni dalla sua uscita, <span xml:lang=\"en\" lang=\"en\">Shadow of the Colossus</span> torna su <span xml:lang=\"en\" lang=\"en\">PlayStation</span> 4 con una riedizione che mantiene inalterato il fascino dell\'opera originale', 'Con passo lento e grave, un destriero dal manto corvino avanza sul sentiero roccioso che conduce ad una valle proibita. In sella un ragazzo silenzioso, e una salma lugubre e pallida, avvolta nel suo sbiadito sudario. Il viaggio di <span xml:lang=\"en\" lang=\"en\">Shadow of the Colossus</span>, oggi come tredici anni fa, comincia cos&igrave: con un drappello funebre, le note di una melodia malinconica, e un lungo ponte sospeso su una terra misteriosa. Proprio come allora, i momenti inaugurali del grande capolavoro di Fumito Ueda riempiono il cuore di una meraviglia inebriante, un guizzo di curiosit&agrave e di nostalgia.<br>Il remake sviluppato dai ragazzi di <span xml:lang=\"en\" lang=\"en\">Bluepoint Games</span> compie il suo miracolo gi&agrave in questi primi attimi di gioco, quando lo sguardo si posa su impervie pareti rocciose, e corre poi verso le architetture monumentali di un regno solitario. Tutto &agrave ancora al suo posto: le inquadrature potenti e magniloquenti, l\'atmosfera selvaggia e sospesa. Fin da subito &egrave chiaro, insomma, che la conquista pi&ugrave grande di questa riedizione sia quella di riproporre il gioco esattamente com\'era nei nostri ricordi: maestoso e bellissimo.<br>Dal momento che la memoria tende a conservare pi&ugrave che altro le sensazioni, operando invece sulle immagini digitali un nebuloso processo di attualizzazione, l\'unico modo per raggiungere l\'obiettivo era quello di restaurare integralmente il colpo d\'occhio dell\'opera originale. Questo \"nuovo\" <span xml:lang=\"en\" lang=\"en\">Shadow of the Colossus</span> non ha suffissi n&eacute sigle tecniche perch&eacute &egrave un remake vero e proprio, un attento lavoro di ricostruzione dell\'immaginario, del mondo di gioco, dei suoi personaggi. Buona parte del codice &egrave quello originale, ma le <span xml:lang=\"en\" lang=\"en\">texture</span> e i modelli poligonali sono tutti nuovi, cos&igrave che il titolo sembri integralmente costruito negli anni di questa generazione.<br>Senza l\'urgenza di tracciare nuovi standard qualitativi, il risultato resta efficace, d\'impatto, ed esalta in maniera convincente quasi tutte le sfumature della poetica di <span xml:lang=\"en\" lang=\"en\">Ueda</span>. Le Lande Proibite escono quasi trasformate dal processo di ammodernamento tecnico, remote e silenziose, ammantate da un sussurro di pacifica desolazione. Un sole abbacinante si infrange sulle distese erbose e sulle rocce slavate, mentre foreste ombrose sorgono ai margini delle praterie, e grandi distese di sabbia, e laghi dalle acque cristalline, delimitano i confini di questo regno dimenticato.', '2018-01-30 17:24:32', '../img/shadowOfTheColossus.jpg', 4, 'Immagine del protagonista che osserva l\'ambiente che lo circonda', 16);

DROP TABLE IF EXISTS categoria;
CREATE TABLE `categoria` (
  `cat_id` int(11) AUTO_INCREMENT NOT NULL,
  `nome` varchar(64) NOT NULL,
  PRIMARY KEY (cat_id)
); 

INSERT INTO `categoria` (`cat_id`, `nome`) VALUES
(1, 'Giochi di ruolo'),
(2, 'Sportivi'),
(3, 'Sparatutto'),
(4, 'Avventura'),
(5, 'Azione'),
(6, 'Gestionale');


DROP TABLE IF EXISTS commento;
CREATE TABLE `commento` (
  `comment_id` int(11) AUTO_INCREMENT NOT NULL,
  `articolo_id` int(11) NOT NULL,
  `user_id` int(11) NOT NULL,
  `testo` varchar(256) NOT NULL,
  `data_com` datetime NOT NULL,
  PRIMARY KEY (comment_id),
  FOREIGN KEY (`user_id`) REFERENCES `utente` (`user_id`) ON DELETE CASCADE ON UPDATE CASCADE,
  FOREIGN KEY (`articolo_id`) REFERENCES `articolo` (`articolo_id`) ON DELETE CASCADE ON UPDATE CASCADE
); 

INSERT INTO `commento` (`comment_id`, `articolo_id`, `user_id`, `testo`, `data_com`) VALUES
(1, 7, 3, 'Fantastico! Grazie per la recensione', '2020-12-12 12:45:06'),
(2, 1, 2, 'Bellissimo gioco', '2020-12-09 12:04:44'),
(3, 3, 2, 'Graziee!!', '2020-12-07 19:22:33'),
(4, 9, 3, 'Adoro questo gioco', '2020-12-05 18:32:02'),
(5, 2, 4, 'Top', '2020-11-24 14:41:51'),
(6, 11, 4, 'Il gioco non mi piace molto.', '2020-11-30 09:01:44'),
(7, 2, 4, 'Top', '2020-11-24 14:41:51'),
(8, 2, 2, 'Il gioco mi piace molto.', '2020-11-30 09:01:44'),
(9, 4, 4, 'Il gioco mi piace molto.', '2020-11-30 09:01:44'),
(10, 1, 2, 'Il gioco non mi piace molto.', '2020-11-30 09:01:44'),
(11, 5, 3, 'Graziee!!', '2020-11-30 09:01:44');


DROP TABLE IF EXISTS gioco;
CREATE TABLE `gioco` (
  `game_id` int(11) AUTO_INCREMENT NOT NULL,
  `nome` char(64) NOT NULL,
  `cat_id` int(11) NOT NULL,
  `data_pubb` date DEFAULT NULL,
  `img` VARCHAR(256) DEFAULT NULL,
  `alt` VARCHAR(256) DEFAULT NULL,
  FOREIGN KEY (`cat_id`) REFERENCES `categoria` (`cat_id`) ON DELETE CASCADE ON UPDATE CASCADE
);

INSERT INTO `gioco` (`game_id`, `nome`, `cat_id`, `data_pubb`, `img`, `alt`) VALUES
(1, 'Cyberpunk 2077', 4, '2020-12-10','../img/keanu.jpg', 'Immagine del personaggio di Keanu Reeves presente nel gioco'),
(2, 'FIFA 21', 2, '2020-10-05','../img/fifa2.jpg', 'Immagine di uno stadio e del logo del videogioco'),
(3, 'Doom Eternal', 3, '2020-03-17','../img/doom.jpg', 'Protagonista del videogioco circondato da alcuni nemici demoniaci'),
(4, 'NBA 2k21', 2, '2020-09-04','../img/nba.jpg', 'Immagine di un giocatore di basket'),
(5, 'The Elder Scrolls V: Skyrim', 1, '2011-11-11','../img/skyrim.jpg', 'Persona con un elmo vichingo'),
(6, 'God of War', 5, '2018-04-20','../img/godOfWar.jpg', 'Immagine di Kratos con il figlio in una piccola imbarcazione'),
(7, 'Jurassic World Evolution', 6, '2018-06-12','../img/jurassicWorldEvolution.jpg', 'Immagine di un tirannosauro evaso dalla propria recinzione'),
(8, 'Red Dead Redemption 2', 4, '2018-10-26','../img/redDeadRedemption2.jpg', 'Immagine di un cow boy con un fucile in mano'),
(9, 'Dark Souls 3', 1, '2016-03-24','../img/darkSoulsIII.jpg', 'Immagine di un personaggio del gioco con un castello nello sfondo'),
(10, 'COD: Modern Warfare', 3, '2019-08-23','../img/COD.jpg', 'Immagine di alcuni soldati mentre svolgono un\'operazione militare'),
(11, 'Sekiro: Shadows Die Twice', 5, '2019-03-22','../img/sekiro.jpg', 'Immagine del protagonista di fronte ad un tempio in fiamme'),
(12, 'Devil May cry 5', 5, '2019-03-08','../img/devilMayCry5.jpg', 'Immagine dei tre protagonisti che camminano lungo una via cittadina'),
(13, 'Frostpunk', 6, '2018-04-24','../img/frostpunk.jpg', 'Immagine di alcuni espolratori in una montagna innevata'),
(14, 'Horizon Zero Dawn', 1, '2017-02-28','../img/horizonZeroDawn.jpg', 'Protagonista che combatte contro degli animali metallici'),
(15, 'Rocket League', 2, '2015-07-07','../img/rocketLeague.jpg', 'Immagine di un\'auto  del gioco che sta colpendo la palla'),
(16, 'Shadow of the Colossus', 4, '2018-02-06','../img/shadowOfTheColossus.jpg', 'Immagine del protagonista che osserva l\'ambiente che lo circonda');


DROP TABLE IF EXISTS utente;
CREATE TABLE `utente` (
  `user_id` int(11) AUTO_INCREMENT NOT NULL,
  `nome` varchar(30) NOT NULL,
  `cognome` varchar(30) NOT NULL,
  `email` varchar(50) NOT NULL,
  `img_path` varchar(256) NOT NULL,
  `passw` varchar(256) NOT NULL,
  `is_admin` tinyint(1) DEFAULT 0,
  PRIMARY KEY (user_id),
  UNIQUE (email)
);

INSERT INTO `utente` (`user_id`, `nome`, `cognome`, `email`, `img_path`, `passw`, `is_admin`) VALUES
(1, 'Mario', 'Rossi', 'mario.rossi@gmail.com', '../img/avatar.jpg', 'password', 1),
(2, 'Giovanni', 'Gallo', 'giovanni.gallo@gmail.com', '../img/avatar.jpg', 'chicchirichì', 0),
(3, 'Diana', 'Zetticci', 'diana.zetti@libero.it', '../img/avatar.jpg', 'Quu5viiTh', 0),
(4, 'Lidia', 'Toscano', 'LidiaToscano@rhyta.com', '../img/avatar.jpg', 'gee0VaaT', 1),
(5, 'admin', 'admin', 'admin', '../img/avatar.jpg', 'admin', 1);


DROP TABLE IF EXISTS voto;
CREATE TABLE `voto` (
  `user_id` int(11) NOT NULL,
  `gioco_id` int(11) NOT NULL,
  `voto` INT DEFAULT 0,
  CHECK (voto>=0 AND voto<= 5),
  PRIMARY KEY (user_id, gioco_id),
  FOREIGN KEY (`user_id`) REFERENCES `utente` (`user_id`) ON DELETE CASCADE ON UPDATE CASCADE,
  FOREIGN KEY (`gioco_id`) REFERENCES `gioco` (`game_id`) ON DELETE CASCADE ON UPDATE CASCADE
);

INSERT INTO `voto` (`user_id`, `gioco_id`, `voto`) VALUES
(1, 2, 3),
(1, 7, 3),
(1, 9, 4),
(2, 1, 5),
(2, 2, 4),
(2, 3, 5),
(2, 6, 5),
(2, 7, 5),
(2, 9, 5),
(2, 10, 4),
(2, 11, 2),
(2, 12, 4),
(3, 1, 4),
(3, 2, 4),
(3, 4, 4),
(3, 7, 4),
(3, 8, 4),
(3, 13, 4),
(3, 14, 4),
(4, 1, 1),
(4, 5, 4),
(4, 9, 5),
(4, 13, 5),
(4, 14, 5);

